{"mean_squared_error": 3.527215056488334e-05, "mean_absolute_error": 0.002703049044916771, "median_absolute_error": 0.0, "r2_score": 0.9999652540794195}